name,slug,description,sku,price,taxCategory,stockOnHand
Bulk product 1,bulk-1781271780875-1,Bulk description 1,BULK-bulk-1781271780875-1,100,Standard Tax,1
Bulk product 2,bulk-1781271780875-2,Bulk description 2,BULK-bulk-1781271780875-2,100,Standard Tax,1
Bulk product 3,bulk-1781271780875-3,Bulk description 3,BULK-bulk-1781271780875-3,100,Standard Tax,1
Bulk product 4,bulk-1781271780875-4,Bulk description 4,BULK-bulk-1781271780875-4,100,Standard Tax,1
Bulk product 5,bulk-1781271780875-5,Bulk description 5,BULK-bulk-1781271780875-5,100,Standard Tax,1
Bulk product 6,bulk-1781271780875-6,Bulk description 6,BULK-bulk-1781271780875-6,100,Standard Tax,1
Bulk product 7,bulk-1781271780875-7,Bulk description 7,BULK-bulk-1781271780875-7,100,Standard Tax,1
Bulk product 8,bulk-1781271780875-8,Bulk description 8,BULK-bulk-1781271780875-8,100,Standard Tax,1
Bulk product 9,bulk-1781271780875-9,Bulk description 9,BULK-bulk-1781271780875-9,100,Standard Tax,1
Bulk product 10,bulk-1781271780875-10,Bulk description 10,BULK-bulk-1781271780875-10,100,Standard Tax,1
Bulk product 11,bulk-1781271780875-11,Bulk description 11,BULK-bulk-1781271780875-11,100,Standard Tax,1
Bulk product 12,bulk-1781271780875-12,Bulk description 12,BULK-bulk-1781271780875-12,100,Standard Tax,1
Bulk product 13,bulk-1781271780875-13,Bulk description 13,BULK-bulk-1781271780875-13,100,Standard Tax,1
Bulk product 14,bulk-1781271780875-14,Bulk description 14,BULK-bulk-1781271780875-14,100,Standard Tax,1
Bulk product 15,bulk-1781271780875-15,Bulk description 15,BULK-bulk-1781271780875-15,100,Standard Tax,1
Bulk product 16,bulk-1781271780875-16,Bulk description 16,BULK-bulk-1781271780875-16,100,Standard Tax,1
Bulk product 17,bulk-1781271780875-17,Bulk description 17,BULK-bulk-1781271780875-17,100,Standard Tax,1
Bulk product 18,bulk-1781271780875-18,Bulk description 18,BULK-bulk-1781271780875-18,100,Standard Tax,1
Bulk product 19,bulk-1781271780875-19,Bulk description 19,BULK-bulk-1781271780875-19,100,Standard Tax,1
Bulk product 20,bulk-1781271780875-20,Bulk description 20,BULK-bulk-1781271780875-20,100,Standard Tax,1
Bulk product 21,bulk-1781271780875-21,Bulk description 21,BULK-bulk-1781271780875-21,100,Standard Tax,1
Bulk product 22,bulk-1781271780875-22,Bulk description 22,BULK-bulk-1781271780875-22,100,Standard Tax,1
Bulk product 23,bulk-1781271780875-23,Bulk description 23,BULK-bulk-1781271780875-23,100,Standard Tax,1
Bulk product 24,bulk-1781271780875-24,Bulk description 24,BULK-bulk-1781271780875-24,100,Standard Tax,1
Bulk product 25,bulk-1781271780875-25,Bulk description 25,BULK-bulk-1781271780875-25,100,Standard Tax,1
Bulk product 26,bulk-1781271780875-26,Bulk description 26,BULK-bulk-1781271780875-26,100,Standard Tax,1
Bulk product 27,bulk-1781271780875-27,Bulk description 27,BULK-bulk-1781271780875-27,100,Standard Tax,1
Bulk product 28,bulk-1781271780875-28,Bulk description 28,BULK-bulk-1781271780875-28,100,Standard Tax,1
Bulk product 29,bulk-1781271780875-29,Bulk description 29,BULK-bulk-1781271780875-29,100,Standard Tax,1
Bulk product 30,bulk-1781271780875-30,Bulk description 30,BULK-bulk-1781271780875-30,100,Standard Tax,1
Bulk product 31,bulk-1781271780875-31,Bulk description 31,BULK-bulk-1781271780875-31,100,Standard Tax,1
Bulk product 32,bulk-1781271780875-32,Bulk description 32,BULK-bulk-1781271780875-32,100,Standard Tax,1
Bulk product 33,bulk-1781271780875-33,Bulk description 33,BULK-bulk-1781271780875-33,100,Standard Tax,1
Bulk product 34,bulk-1781271780875-34,Bulk description 34,BULK-bulk-1781271780875-34,100,Standard Tax,1
Bulk product 35,bulk-1781271780875-35,Bulk description 35,BULK-bulk-1781271780875-35,100,Standard Tax,1
Bulk product 36,bulk-1781271780875-36,Bulk description 36,BULK-bulk-1781271780875-36,100,Standard Tax,1
Bulk product 37,bulk-1781271780875-37,Bulk description 37,BULK-bulk-1781271780875-37,100,Standard Tax,1
Bulk product 38,bulk-1781271780875-38,Bulk description 38,BULK-bulk-1781271780875-38,100,Standard Tax,1
Bulk product 39,bulk-1781271780875-39,Bulk description 39,BULK-bulk-1781271780875-39,100,Standard Tax,1
Bulk product 40,bulk-1781271780875-40,Bulk description 40,BULK-bulk-1781271780875-40,100,Standard Tax,1
Bulk product 41,bulk-1781271780875-41,Bulk description 41,BULK-bulk-1781271780875-41,100,Standard Tax,1
Bulk product 42,bulk-1781271780875-42,Bulk description 42,BULK-bulk-1781271780875-42,100,Standard Tax,1
Bulk product 43,bulk-1781271780875-43,Bulk description 43,BULK-bulk-1781271780875-43,100,Standard Tax,1
Bulk product 44,bulk-1781271780875-44,Bulk description 44,BULK-bulk-1781271780875-44,100,Standard Tax,1
Bulk product 45,bulk-1781271780875-45,Bulk description 45,BULK-bulk-1781271780875-45,100,Standard Tax,1
Bulk product 46,bulk-1781271780875-46,Bulk description 46,BULK-bulk-1781271780875-46,100,Standard Tax,1
Bulk product 47,bulk-1781271780875-47,Bulk description 47,BULK-bulk-1781271780875-47,100,Standard Tax,1
Bulk product 48,bulk-1781271780875-48,Bulk description 48,BULK-bulk-1781271780875-48,100,Standard Tax,1
Bulk product 49,bulk-1781271780875-49,Bulk description 49,BULK-bulk-1781271780875-49,100,Standard Tax,1
Bulk product 50,bulk-1781271780875-50,Bulk description 50,BULK-bulk-1781271780875-50,100,Standard Tax,1
Bulk product 51,bulk-1781271780875-51,Bulk description 51,BULK-bulk-1781271780875-51,100,Standard Tax,1
Bulk product 52,bulk-1781271780875-52,Bulk description 52,BULK-bulk-1781271780875-52,100,Standard Tax,1
Bulk product 53,bulk-1781271780875-53,Bulk description 53,BULK-bulk-1781271780875-53,100,Standard Tax,1
Bulk product 54,bulk-1781271780875-54,Bulk description 54,BULK-bulk-1781271780875-54,100,Standard Tax,1
Bulk product 55,bulk-1781271780875-55,Bulk description 55,BULK-bulk-1781271780875-55,100,Standard Tax,1
Bulk product 56,bulk-1781271780875-56,Bulk description 56,BULK-bulk-1781271780875-56,100,Standard Tax,1
Bulk product 57,bulk-1781271780875-57,Bulk description 57,BULK-bulk-1781271780875-57,100,Standard Tax,1
Bulk product 58,bulk-1781271780875-58,Bulk description 58,BULK-bulk-1781271780875-58,100,Standard Tax,1
Bulk product 59,bulk-1781271780875-59,Bulk description 59,BULK-bulk-1781271780875-59,100,Standard Tax,1
Bulk product 60,bulk-1781271780875-60,Bulk description 60,BULK-bulk-1781271780875-60,100,Standard Tax,1
Bulk product 61,bulk-1781271780875-61,Bulk description 61,BULK-bulk-1781271780875-61,100,Standard Tax,1
Bulk product 62,bulk-1781271780875-62,Bulk description 62,BULK-bulk-1781271780875-62,100,Standard Tax,1
Bulk product 63,bulk-1781271780875-63,Bulk description 63,BULK-bulk-1781271780875-63,100,Standard Tax,1
Bulk product 64,bulk-1781271780875-64,Bulk description 64,BULK-bulk-1781271780875-64,100,Standard Tax,1
Bulk product 65,bulk-1781271780875-65,Bulk description 65,BULK-bulk-1781271780875-65,100,Standard Tax,1
Bulk product 66,bulk-1781271780875-66,Bulk description 66,BULK-bulk-1781271780875-66,100,Standard Tax,1
Bulk product 67,bulk-1781271780875-67,Bulk description 67,BULK-bulk-1781271780875-67,100,Standard Tax,1
Bulk product 68,bulk-1781271780875-68,Bulk description 68,BULK-bulk-1781271780875-68,100,Standard Tax,1
Bulk product 69,bulk-1781271780875-69,Bulk description 69,BULK-bulk-1781271780875-69,100,Standard Tax,1
Bulk product 70,bulk-1781271780875-70,Bulk description 70,BULK-bulk-1781271780875-70,100,Standard Tax,1
Bulk product 71,bulk-1781271780875-71,Bulk description 71,BULK-bulk-1781271780875-71,100,Standard Tax,1
Bulk product 72,bulk-1781271780875-72,Bulk description 72,BULK-bulk-1781271780875-72,100,Standard Tax,1
Bulk product 73,bulk-1781271780875-73,Bulk description 73,BULK-bulk-1781271780875-73,100,Standard Tax,1
Bulk product 74,bulk-1781271780875-74,Bulk description 74,BULK-bulk-1781271780875-74,100,Standard Tax,1
Bulk product 75,bulk-1781271780875-75,Bulk description 75,BULK-bulk-1781271780875-75,100,Standard Tax,1
Bulk product 76,bulk-1781271780875-76,Bulk description 76,BULK-bulk-1781271780875-76,100,Standard Tax,1
Bulk product 77,bulk-1781271780875-77,Bulk description 77,BULK-bulk-1781271780875-77,100,Standard Tax,1
Bulk product 78,bulk-1781271780875-78,Bulk description 78,BULK-bulk-1781271780875-78,100,Standard Tax,1
Bulk product 79,bulk-1781271780875-79,Bulk description 79,BULK-bulk-1781271780875-79,100,Standard Tax,1
Bulk product 80,bulk-1781271780875-80,Bulk description 80,BULK-bulk-1781271780875-80,100,Standard Tax,1
Bulk product 81,bulk-1781271780875-81,Bulk description 81,BULK-bulk-1781271780875-81,100,Standard Tax,1
Bulk product 82,bulk-1781271780875-82,Bulk description 82,BULK-bulk-1781271780875-82,100,Standard Tax,1
Bulk product 83,bulk-1781271780875-83,Bulk description 83,BULK-bulk-1781271780875-83,100,Standard Tax,1
Bulk product 84,bulk-1781271780875-84,Bulk description 84,BULK-bulk-1781271780875-84,100,Standard Tax,1
Bulk product 85,bulk-1781271780875-85,Bulk description 85,BULK-bulk-1781271780875-85,100,Standard Tax,1
Bulk product 86,bulk-1781271780875-86,Bulk description 86,BULK-bulk-1781271780875-86,100,Standard Tax,1
Bulk product 87,bulk-1781271780875-87,Bulk description 87,BULK-bulk-1781271780875-87,100,Standard Tax,1
Bulk product 88,bulk-1781271780875-88,Bulk description 88,BULK-bulk-1781271780875-88,100,Standard Tax,1
Bulk product 89,bulk-1781271780875-89,Bulk description 89,BULK-bulk-1781271780875-89,100,Standard Tax,1
Bulk product 90,bulk-1781271780875-90,Bulk description 90,BULK-bulk-1781271780875-90,100,Standard Tax,1
Bulk product 91,bulk-1781271780875-91,Bulk description 91,BULK-bulk-1781271780875-91,100,Standard Tax,1
Bulk product 92,bulk-1781271780875-92,Bulk description 92,BULK-bulk-1781271780875-92,100,Standard Tax,1
Bulk product 93,bulk-1781271780875-93,Bulk description 93,BULK-bulk-1781271780875-93,100,Standard Tax,1
Bulk product 94,bulk-1781271780875-94,Bulk description 94,BULK-bulk-1781271780875-94,100,Standard Tax,1
Bulk product 95,bulk-1781271780875-95,Bulk description 95,BULK-bulk-1781271780875-95,100,Standard Tax,1
Bulk product 96,bulk-1781271780875-96,Bulk description 96,BULK-bulk-1781271780875-96,100,Standard Tax,1
Bulk product 97,bulk-1781271780875-97,Bulk description 97,BULK-bulk-1781271780875-97,100,Standard Tax,1
Bulk product 98,bulk-1781271780875-98,Bulk description 98,BULK-bulk-1781271780875-98,100,Standard Tax,1
Bulk product 99,bulk-1781271780875-99,Bulk description 99,BULK-bulk-1781271780875-99,100,Standard Tax,1
Bulk product 100,bulk-1781271780875-100,Bulk description 100,BULK-bulk-1781271780875-100,100,Standard Tax,1
Bulk product 101,bulk-1781271780875-101,Bulk description 101,BULK-bulk-1781271780875-101,100,Standard Tax,1
Bulk product 102,bulk-1781271780875-102,Bulk description 102,BULK-bulk-1781271780875-102,100,Standard Tax,1
Bulk product 103,bulk-1781271780875-103,Bulk description 103,BULK-bulk-1781271780875-103,100,Standard Tax,1
Bulk product 104,bulk-1781271780875-104,Bulk description 104,BULK-bulk-1781271780875-104,100,Standard Tax,1
Bulk product 105,bulk-1781271780875-105,Bulk description 105,BULK-bulk-1781271780875-105,100,Standard Tax,1
Bulk product 106,bulk-1781271780875-106,Bulk description 106,BULK-bulk-1781271780875-106,100,Standard Tax,1
Bulk product 107,bulk-1781271780875-107,Bulk description 107,BULK-bulk-1781271780875-107,100,Standard Tax,1
Bulk product 108,bulk-1781271780875-108,Bulk description 108,BULK-bulk-1781271780875-108,100,Standard Tax,1
Bulk product 109,bulk-1781271780875-109,Bulk description 109,BULK-bulk-1781271780875-109,100,Standard Tax,1
Bulk product 110,bulk-1781271780875-110,Bulk description 110,BULK-bulk-1781271780875-110,100,Standard Tax,1
Bulk product 111,bulk-1781271780875-111,Bulk description 111,BULK-bulk-1781271780875-111,100,Standard Tax,1
Bulk product 112,bulk-1781271780875-112,Bulk description 112,BULK-bulk-1781271780875-112,100,Standard Tax,1
Bulk product 113,bulk-1781271780875-113,Bulk description 113,BULK-bulk-1781271780875-113,100,Standard Tax,1
Bulk product 114,bulk-1781271780875-114,Bulk description 114,BULK-bulk-1781271780875-114,100,Standard Tax,1
Bulk product 115,bulk-1781271780875-115,Bulk description 115,BULK-bulk-1781271780875-115,100,Standard Tax,1
Bulk product 116,bulk-1781271780875-116,Bulk description 116,BULK-bulk-1781271780875-116,100,Standard Tax,1
Bulk product 117,bulk-1781271780875-117,Bulk description 117,BULK-bulk-1781271780875-117,100,Standard Tax,1
Bulk product 118,bulk-1781271780875-118,Bulk description 118,BULK-bulk-1781271780875-118,100,Standard Tax,1
Bulk product 119,bulk-1781271780875-119,Bulk description 119,BULK-bulk-1781271780875-119,100,Standard Tax,1
Bulk product 120,bulk-1781271780875-120,Bulk description 120,BULK-bulk-1781271780875-120,100,Standard Tax,1
Bulk product 121,bulk-1781271780875-121,Bulk description 121,BULK-bulk-1781271780875-121,100,Standard Tax,1
Bulk product 122,bulk-1781271780875-122,Bulk description 122,BULK-bulk-1781271780875-122,100,Standard Tax,1
Bulk product 123,bulk-1781271780875-123,Bulk description 123,BULK-bulk-1781271780875-123,100,Standard Tax,1
Bulk product 124,bulk-1781271780875-124,Bulk description 124,BULK-bulk-1781271780875-124,100,Standard Tax,1
Bulk product 125,bulk-1781271780875-125,Bulk description 125,BULK-bulk-1781271780875-125,100,Standard Tax,1
Bulk product 126,bulk-1781271780875-126,Bulk description 126,BULK-bulk-1781271780875-126,100,Standard Tax,1
Bulk product 127,bulk-1781271780875-127,Bulk description 127,BULK-bulk-1781271780875-127,100,Standard Tax,1
Bulk product 128,bulk-1781271780875-128,Bulk description 128,BULK-bulk-1781271780875-128,100,Standard Tax,1
Bulk product 129,bulk-1781271780875-129,Bulk description 129,BULK-bulk-1781271780875-129,100,Standard Tax,1
Bulk product 130,bulk-1781271780875-130,Bulk description 130,BULK-bulk-1781271780875-130,100,Standard Tax,1
Bulk product 131,bulk-1781271780875-131,Bulk description 131,BULK-bulk-1781271780875-131,100,Standard Tax,1
Bulk product 132,bulk-1781271780875-132,Bulk description 132,BULK-bulk-1781271780875-132,100,Standard Tax,1
Bulk product 133,bulk-1781271780875-133,Bulk description 133,BULK-bulk-1781271780875-133,100,Standard Tax,1
Bulk product 134,bulk-1781271780875-134,Bulk description 134,BULK-bulk-1781271780875-134,100,Standard Tax,1
Bulk product 135,bulk-1781271780875-135,Bulk description 135,BULK-bulk-1781271780875-135,100,Standard Tax,1
Bulk product 136,bulk-1781271780875-136,Bulk description 136,BULK-bulk-1781271780875-136,100,Standard Tax,1
Bulk product 137,bulk-1781271780875-137,Bulk description 137,BULK-bulk-1781271780875-137,100,Standard Tax,1
Bulk product 138,bulk-1781271780875-138,Bulk description 138,BULK-bulk-1781271780875-138,100,Standard Tax,1
Bulk product 139,bulk-1781271780875-139,Bulk description 139,BULK-bulk-1781271780875-139,100,Standard Tax,1
Bulk product 140,bulk-1781271780875-140,Bulk description 140,BULK-bulk-1781271780875-140,100,Standard Tax,1
Bulk product 141,bulk-1781271780875-141,Bulk description 141,BULK-bulk-1781271780875-141,100,Standard Tax,1
Bulk product 142,bulk-1781271780875-142,Bulk description 142,BULK-bulk-1781271780875-142,100,Standard Tax,1
Bulk product 143,bulk-1781271780875-143,Bulk description 143,BULK-bulk-1781271780875-143,100,Standard Tax,1
Bulk product 144,bulk-1781271780875-144,Bulk description 144,BULK-bulk-1781271780875-144,100,Standard Tax,1
Bulk product 145,bulk-1781271780875-145,Bulk description 145,BULK-bulk-1781271780875-145,100,Standard Tax,1
Bulk product 146,bulk-1781271780875-146,Bulk description 146,BULK-bulk-1781271780875-146,100,Standard Tax,1
Bulk product 147,bulk-1781271780875-147,Bulk description 147,BULK-bulk-1781271780875-147,100,Standard Tax,1
Bulk product 148,bulk-1781271780875-148,Bulk description 148,BULK-bulk-1781271780875-148,100,Standard Tax,1
Bulk product 149,bulk-1781271780875-149,Bulk description 149,BULK-bulk-1781271780875-149,100,Standard Tax,1
Bulk product 150,bulk-1781271780875-150,Bulk description 150,BULK-bulk-1781271780875-150,100,Standard Tax,1
Bulk product 151,bulk-1781271780875-151,Bulk description 151,BULK-bulk-1781271780875-151,100,Standard Tax,1
Bulk product 152,bulk-1781271780875-152,Bulk description 152,BULK-bulk-1781271780875-152,100,Standard Tax,1
Bulk product 153,bulk-1781271780875-153,Bulk description 153,BULK-bulk-1781271780875-153,100,Standard Tax,1
Bulk product 154,bulk-1781271780875-154,Bulk description 154,BULK-bulk-1781271780875-154,100,Standard Tax,1
Bulk product 155,bulk-1781271780875-155,Bulk description 155,BULK-bulk-1781271780875-155,100,Standard Tax,1
Bulk product 156,bulk-1781271780875-156,Bulk description 156,BULK-bulk-1781271780875-156,100,Standard Tax,1
Bulk product 157,bulk-1781271780875-157,Bulk description 157,BULK-bulk-1781271780875-157,100,Standard Tax,1
Bulk product 158,bulk-1781271780875-158,Bulk description 158,BULK-bulk-1781271780875-158,100,Standard Tax,1
Bulk product 159,bulk-1781271780875-159,Bulk description 159,BULK-bulk-1781271780875-159,100,Standard Tax,1
Bulk product 160,bulk-1781271780875-160,Bulk description 160,BULK-bulk-1781271780875-160,100,Standard Tax,1
Bulk product 161,bulk-1781271780875-161,Bulk description 161,BULK-bulk-1781271780875-161,100,Standard Tax,1
Bulk product 162,bulk-1781271780875-162,Bulk description 162,BULK-bulk-1781271780875-162,100,Standard Tax,1
Bulk product 163,bulk-1781271780875-163,Bulk description 163,BULK-bulk-1781271780875-163,100,Standard Tax,1
Bulk product 164,bulk-1781271780875-164,Bulk description 164,BULK-bulk-1781271780875-164,100,Standard Tax,1
Bulk product 165,bulk-1781271780875-165,Bulk description 165,BULK-bulk-1781271780875-165,100,Standard Tax,1
Bulk product 166,bulk-1781271780875-166,Bulk description 166,BULK-bulk-1781271780875-166,100,Standard Tax,1
Bulk product 167,bulk-1781271780875-167,Bulk description 167,BULK-bulk-1781271780875-167,100,Standard Tax,1
Bulk product 168,bulk-1781271780875-168,Bulk description 168,BULK-bulk-1781271780875-168,100,Standard Tax,1
Bulk product 169,bulk-1781271780875-169,Bulk description 169,BULK-bulk-1781271780875-169,100,Standard Tax,1
Bulk product 170,bulk-1781271780875-170,Bulk description 170,BULK-bulk-1781271780875-170,100,Standard Tax,1
Bulk product 171,bulk-1781271780875-171,Bulk description 171,BULK-bulk-1781271780875-171,100,Standard Tax,1
Bulk product 172,bulk-1781271780875-172,Bulk description 172,BULK-bulk-1781271780875-172,100,Standard Tax,1
Bulk product 173,bulk-1781271780875-173,Bulk description 173,BULK-bulk-1781271780875-173,100,Standard Tax,1
Bulk product 174,bulk-1781271780875-174,Bulk description 174,BULK-bulk-1781271780875-174,100,Standard Tax,1
Bulk product 175,bulk-1781271780875-175,Bulk description 175,BULK-bulk-1781271780875-175,100,Standard Tax,1
Bulk product 176,bulk-1781271780875-176,Bulk description 176,BULK-bulk-1781271780875-176,100,Standard Tax,1
Bulk product 177,bulk-1781271780875-177,Bulk description 177,BULK-bulk-1781271780875-177,100,Standard Tax,1
Bulk product 178,bulk-1781271780875-178,Bulk description 178,BULK-bulk-1781271780875-178,100,Standard Tax,1
Bulk product 179,bulk-1781271780875-179,Bulk description 179,BULK-bulk-1781271780875-179,100,Standard Tax,1
Bulk product 180,bulk-1781271780875-180,Bulk description 180,BULK-bulk-1781271780875-180,100,Standard Tax,1
Bulk product 181,bulk-1781271780875-181,Bulk description 181,BULK-bulk-1781271780875-181,100,Standard Tax,1
Bulk product 182,bulk-1781271780875-182,Bulk description 182,BULK-bulk-1781271780875-182,100,Standard Tax,1
Bulk product 183,bulk-1781271780875-183,Bulk description 183,BULK-bulk-1781271780875-183,100,Standard Tax,1
Bulk product 184,bulk-1781271780875-184,Bulk description 184,BULK-bulk-1781271780875-184,100,Standard Tax,1
Bulk product 185,bulk-1781271780875-185,Bulk description 185,BULK-bulk-1781271780875-185,100,Standard Tax,1
Bulk product 186,bulk-1781271780875-186,Bulk description 186,BULK-bulk-1781271780875-186,100,Standard Tax,1
Bulk product 187,bulk-1781271780875-187,Bulk description 187,BULK-bulk-1781271780875-187,100,Standard Tax,1
Bulk product 188,bulk-1781271780875-188,Bulk description 188,BULK-bulk-1781271780875-188,100,Standard Tax,1
Bulk product 189,bulk-1781271780875-189,Bulk description 189,BULK-bulk-1781271780875-189,100,Standard Tax,1
Bulk product 190,bulk-1781271780875-190,Bulk description 190,BULK-bulk-1781271780875-190,100,Standard Tax,1
Bulk product 191,bulk-1781271780875-191,Bulk description 191,BULK-bulk-1781271780875-191,100,Standard Tax,1
Bulk product 192,bulk-1781271780875-192,Bulk description 192,BULK-bulk-1781271780875-192,100,Standard Tax,1
Bulk product 193,bulk-1781271780875-193,Bulk description 193,BULK-bulk-1781271780875-193,100,Standard Tax,1
Bulk product 194,bulk-1781271780875-194,Bulk description 194,BULK-bulk-1781271780875-194,100,Standard Tax,1
Bulk product 195,bulk-1781271780875-195,Bulk description 195,BULK-bulk-1781271780875-195,100,Standard Tax,1
Bulk product 196,bulk-1781271780875-196,Bulk description 196,BULK-bulk-1781271780875-196,100,Standard Tax,1
Bulk product 197,bulk-1781271780875-197,Bulk description 197,BULK-bulk-1781271780875-197,100,Standard Tax,1
Bulk product 198,bulk-1781271780875-198,Bulk description 198,BULK-bulk-1781271780875-198,100,Standard Tax,1
Bulk product 199,bulk-1781271780875-199,Bulk description 199,BULK-bulk-1781271780875-199,100,Standard Tax,1
Bulk product 200,bulk-1781271780875-200,Bulk description 200,BULK-bulk-1781271780875-200,100,Standard Tax,1
Bulk product 201,bulk-1781271780875-201,Bulk description 201,BULK-bulk-1781271780875-201,100,Standard Tax,1
Bulk product 202,bulk-1781271780875-202,Bulk description 202,BULK-bulk-1781271780875-202,100,Standard Tax,1
Bulk product 203,bulk-1781271780875-203,Bulk description 203,BULK-bulk-1781271780875-203,100,Standard Tax,1
Bulk product 204,bulk-1781271780875-204,Bulk description 204,BULK-bulk-1781271780875-204,100,Standard Tax,1
Bulk product 205,bulk-1781271780875-205,Bulk description 205,BULK-bulk-1781271780875-205,100,Standard Tax,1
Bulk product 206,bulk-1781271780875-206,Bulk description 206,BULK-bulk-1781271780875-206,100,Standard Tax,1
Bulk product 207,bulk-1781271780875-207,Bulk description 207,BULK-bulk-1781271780875-207,100,Standard Tax,1
Bulk product 208,bulk-1781271780875-208,Bulk description 208,BULK-bulk-1781271780875-208,100,Standard Tax,1
Bulk product 209,bulk-1781271780875-209,Bulk description 209,BULK-bulk-1781271780875-209,100,Standard Tax,1
Bulk product 210,bulk-1781271780875-210,Bulk description 210,BULK-bulk-1781271780875-210,100,Standard Tax,1
Bulk product 211,bulk-1781271780875-211,Bulk description 211,BULK-bulk-1781271780875-211,100,Standard Tax,1
Bulk product 212,bulk-1781271780875-212,Bulk description 212,BULK-bulk-1781271780875-212,100,Standard Tax,1
Bulk product 213,bulk-1781271780875-213,Bulk description 213,BULK-bulk-1781271780875-213,100,Standard Tax,1
Bulk product 214,bulk-1781271780875-214,Bulk description 214,BULK-bulk-1781271780875-214,100,Standard Tax,1
Bulk product 215,bulk-1781271780875-215,Bulk description 215,BULK-bulk-1781271780875-215,100,Standard Tax,1
Bulk product 216,bulk-1781271780875-216,Bulk description 216,BULK-bulk-1781271780875-216,100,Standard Tax,1
Bulk product 217,bulk-1781271780875-217,Bulk description 217,BULK-bulk-1781271780875-217,100,Standard Tax,1
Bulk product 218,bulk-1781271780875-218,Bulk description 218,BULK-bulk-1781271780875-218,100,Standard Tax,1
Bulk product 219,bulk-1781271780875-219,Bulk description 219,BULK-bulk-1781271780875-219,100,Standard Tax,1
Bulk product 220,bulk-1781271780875-220,Bulk description 220,BULK-bulk-1781271780875-220,100,Standard Tax,1
Bulk product 221,bulk-1781271780875-221,Bulk description 221,BULK-bulk-1781271780875-221,100,Standard Tax,1
Bulk product 222,bulk-1781271780875-222,Bulk description 222,BULK-bulk-1781271780875-222,100,Standard Tax,1
Bulk product 223,bulk-1781271780875-223,Bulk description 223,BULK-bulk-1781271780875-223,100,Standard Tax,1
Bulk product 224,bulk-1781271780875-224,Bulk description 224,BULK-bulk-1781271780875-224,100,Standard Tax,1
Bulk product 225,bulk-1781271780875-225,Bulk description 225,BULK-bulk-1781271780875-225,100,Standard Tax,1
Bulk product 226,bulk-1781271780875-226,Bulk description 226,BULK-bulk-1781271780875-226,100,Standard Tax,1
Bulk product 227,bulk-1781271780875-227,Bulk description 227,BULK-bulk-1781271780875-227,100,Standard Tax,1
Bulk product 228,bulk-1781271780875-228,Bulk description 228,BULK-bulk-1781271780875-228,100,Standard Tax,1
Bulk product 229,bulk-1781271780875-229,Bulk description 229,BULK-bulk-1781271780875-229,100,Standard Tax,1
Bulk product 230,bulk-1781271780875-230,Bulk description 230,BULK-bulk-1781271780875-230,100,Standard Tax,1
Bulk product 231,bulk-1781271780875-231,Bulk description 231,BULK-bulk-1781271780875-231,100,Standard Tax,1
Bulk product 232,bulk-1781271780875-232,Bulk description 232,BULK-bulk-1781271780875-232,100,Standard Tax,1
Bulk product 233,bulk-1781271780875-233,Bulk description 233,BULK-bulk-1781271780875-233,100,Standard Tax,1
Bulk product 234,bulk-1781271780875-234,Bulk description 234,BULK-bulk-1781271780875-234,100,Standard Tax,1
Bulk product 235,bulk-1781271780875-235,Bulk description 235,BULK-bulk-1781271780875-235,100,Standard Tax,1
Bulk product 236,bulk-1781271780875-236,Bulk description 236,BULK-bulk-1781271780875-236,100,Standard Tax,1
Bulk product 237,bulk-1781271780875-237,Bulk description 237,BULK-bulk-1781271780875-237,100,Standard Tax,1
Bulk product 238,bulk-1781271780875-238,Bulk description 238,BULK-bulk-1781271780875-238,100,Standard Tax,1
Bulk product 239,bulk-1781271780875-239,Bulk description 239,BULK-bulk-1781271780875-239,100,Standard Tax,1
Bulk product 240,bulk-1781271780875-240,Bulk description 240,BULK-bulk-1781271780875-240,100,Standard Tax,1
Bulk product 241,bulk-1781271780875-241,Bulk description 241,BULK-bulk-1781271780875-241,100,Standard Tax,1
Bulk product 242,bulk-1781271780875-242,Bulk description 242,BULK-bulk-1781271780875-242,100,Standard Tax,1
Bulk product 243,bulk-1781271780875-243,Bulk description 243,BULK-bulk-1781271780875-243,100,Standard Tax,1
Bulk product 244,bulk-1781271780875-244,Bulk description 244,BULK-bulk-1781271780875-244,100,Standard Tax,1
Bulk product 245,bulk-1781271780875-245,Bulk description 245,BULK-bulk-1781271780875-245,100,Standard Tax,1
Bulk product 246,bulk-1781271780875-246,Bulk description 246,BULK-bulk-1781271780875-246,100,Standard Tax,1
Bulk product 247,bulk-1781271780875-247,Bulk description 247,BULK-bulk-1781271780875-247,100,Standard Tax,1
Bulk product 248,bulk-1781271780875-248,Bulk description 248,BULK-bulk-1781271780875-248,100,Standard Tax,1
Bulk product 249,bulk-1781271780875-249,Bulk description 249,BULK-bulk-1781271780875-249,100,Standard Tax,1
Bulk product 250,bulk-1781271780875-250,Bulk description 250,BULK-bulk-1781271780875-250,100,Standard Tax,1
Bulk product 251,bulk-1781271780875-251,Bulk description 251,BULK-bulk-1781271780875-251,100,Standard Tax,1
Bulk product 252,bulk-1781271780875-252,Bulk description 252,BULK-bulk-1781271780875-252,100,Standard Tax,1
Bulk product 253,bulk-1781271780875-253,Bulk description 253,BULK-bulk-1781271780875-253,100,Standard Tax,1
Bulk product 254,bulk-1781271780875-254,Bulk description 254,BULK-bulk-1781271780875-254,100,Standard Tax,1
Bulk product 255,bulk-1781271780875-255,Bulk description 255,BULK-bulk-1781271780875-255,100,Standard Tax,1
Bulk product 256,bulk-1781271780875-256,Bulk description 256,BULK-bulk-1781271780875-256,100,Standard Tax,1
Bulk product 257,bulk-1781271780875-257,Bulk description 257,BULK-bulk-1781271780875-257,100,Standard Tax,1
Bulk product 258,bulk-1781271780875-258,Bulk description 258,BULK-bulk-1781271780875-258,100,Standard Tax,1
Bulk product 259,bulk-1781271780875-259,Bulk description 259,BULK-bulk-1781271780875-259,100,Standard Tax,1
Bulk product 260,bulk-1781271780875-260,Bulk description 260,BULK-bulk-1781271780875-260,100,Standard Tax,1
Bulk product 261,bulk-1781271780875-261,Bulk description 261,BULK-bulk-1781271780875-261,100,Standard Tax,1
Bulk product 262,bulk-1781271780875-262,Bulk description 262,BULK-bulk-1781271780875-262,100,Standard Tax,1
Bulk product 263,bulk-1781271780875-263,Bulk description 263,BULK-bulk-1781271780875-263,100,Standard Tax,1
Bulk product 264,bulk-1781271780875-264,Bulk description 264,BULK-bulk-1781271780875-264,100,Standard Tax,1
Bulk product 265,bulk-1781271780875-265,Bulk description 265,BULK-bulk-1781271780875-265,100,Standard Tax,1
Bulk product 266,bulk-1781271780875-266,Bulk description 266,BULK-bulk-1781271780875-266,100,Standard Tax,1
Bulk product 267,bulk-1781271780875-267,Bulk description 267,BULK-bulk-1781271780875-267,100,Standard Tax,1
Bulk product 268,bulk-1781271780875-268,Bulk description 268,BULK-bulk-1781271780875-268,100,Standard Tax,1
Bulk product 269,bulk-1781271780875-269,Bulk description 269,BULK-bulk-1781271780875-269,100,Standard Tax,1
Bulk product 270,bulk-1781271780875-270,Bulk description 270,BULK-bulk-1781271780875-270,100,Standard Tax,1
Bulk product 271,bulk-1781271780875-271,Bulk description 271,BULK-bulk-1781271780875-271,100,Standard Tax,1
Bulk product 272,bulk-1781271780875-272,Bulk description 272,BULK-bulk-1781271780875-272,100,Standard Tax,1
Bulk product 273,bulk-1781271780875-273,Bulk description 273,BULK-bulk-1781271780875-273,100,Standard Tax,1
Bulk product 274,bulk-1781271780875-274,Bulk description 274,BULK-bulk-1781271780875-274,100,Standard Tax,1
Bulk product 275,bulk-1781271780875-275,Bulk description 275,BULK-bulk-1781271780875-275,100,Standard Tax,1
Bulk product 276,bulk-1781271780875-276,Bulk description 276,BULK-bulk-1781271780875-276,100,Standard Tax,1
Bulk product 277,bulk-1781271780875-277,Bulk description 277,BULK-bulk-1781271780875-277,100,Standard Tax,1
Bulk product 278,bulk-1781271780875-278,Bulk description 278,BULK-bulk-1781271780875-278,100,Standard Tax,1
Bulk product 279,bulk-1781271780875-279,Bulk description 279,BULK-bulk-1781271780875-279,100,Standard Tax,1
Bulk product 280,bulk-1781271780875-280,Bulk description 280,BULK-bulk-1781271780875-280,100,Standard Tax,1
Bulk product 281,bulk-1781271780875-281,Bulk description 281,BULK-bulk-1781271780875-281,100,Standard Tax,1
Bulk product 282,bulk-1781271780875-282,Bulk description 282,BULK-bulk-1781271780875-282,100,Standard Tax,1
Bulk product 283,bulk-1781271780875-283,Bulk description 283,BULK-bulk-1781271780875-283,100,Standard Tax,1
Bulk product 284,bulk-1781271780875-284,Bulk description 284,BULK-bulk-1781271780875-284,100,Standard Tax,1
Bulk product 285,bulk-1781271780875-285,Bulk description 285,BULK-bulk-1781271780875-285,100,Standard Tax,1
Bulk product 286,bulk-1781271780875-286,Bulk description 286,BULK-bulk-1781271780875-286,100,Standard Tax,1
Bulk product 287,bulk-1781271780875-287,Bulk description 287,BULK-bulk-1781271780875-287,100,Standard Tax,1
Bulk product 288,bulk-1781271780875-288,Bulk description 288,BULK-bulk-1781271780875-288,100,Standard Tax,1
Bulk product 289,bulk-1781271780875-289,Bulk description 289,BULK-bulk-1781271780875-289,100,Standard Tax,1
Bulk product 290,bulk-1781271780875-290,Bulk description 290,BULK-bulk-1781271780875-290,100,Standard Tax,1
Bulk product 291,bulk-1781271780875-291,Bulk description 291,BULK-bulk-1781271780875-291,100,Standard Tax,1
Bulk product 292,bulk-1781271780875-292,Bulk description 292,BULK-bulk-1781271780875-292,100,Standard Tax,1
Bulk product 293,bulk-1781271780875-293,Bulk description 293,BULK-bulk-1781271780875-293,100,Standard Tax,1
Bulk product 294,bulk-1781271780875-294,Bulk description 294,BULK-bulk-1781271780875-294,100,Standard Tax,1
Bulk product 295,bulk-1781271780875-295,Bulk description 295,BULK-bulk-1781271780875-295,100,Standard Tax,1
Bulk product 296,bulk-1781271780875-296,Bulk description 296,BULK-bulk-1781271780875-296,100,Standard Tax,1
Bulk product 297,bulk-1781271780875-297,Bulk description 297,BULK-bulk-1781271780875-297,100,Standard Tax,1
Bulk product 298,bulk-1781271780875-298,Bulk description 298,BULK-bulk-1781271780875-298,100,Standard Tax,1
Bulk product 299,bulk-1781271780875-299,Bulk description 299,BULK-bulk-1781271780875-299,100,Standard Tax,1
Bulk product 300,bulk-1781271780875-300,Bulk description 300,BULK-bulk-1781271780875-300,100,Standard Tax,1